data/eyemodel_train_raw/2020101223724/0.jpg,data/eyemodel_train_raw/2020101223724/0.png
data/eyemodel_train_raw/2020101223724/1.jpg,data/eyemodel_train_raw/2020101223724/1.png
data/eyemodel_train_raw/2020101223724/10.jpg,data/eyemodel_train_raw/2020101223724/10.png
data/eyemodel_train_raw/2020101223724/11.jpg,data/eyemodel_train_raw/2020101223724/11.png
data/eyemodel_train_raw/2020101223724/12.jpg,data/eyemodel_train_raw/2020101223724/12.png
data/eyemodel_train_raw/2020101223724/13.jpg,data/eyemodel_train_raw/2020101223724/13.png
data/eyemodel_train_raw/2020101223724/14.jpg,data/eyemodel_train_raw/2020101223724/14.png
data/eyemodel_train_raw/2020101223724/15.jpg,data/eyemodel_train_raw/2020101223724/15.png
data/eyemodel_train_raw/2020101223724/16.jpg,data/eyemodel_train_raw/2020101223724/16.png
data/eyemodel_train_raw/2020101223724/17.jpg,data/eyemodel_train_raw/2020101223724/17.png
data/eyemodel_train_raw/2020101223724/18.jpg,data/eyemodel_train_raw/2020101223724/18.png
data/eyemodel_train_raw/2020101223724/19.jpg,data/eyemodel_train_raw/2020101223724/19.png
data/eyemodel_train_raw/2020101223724/2.jpg,data/eyemodel_train_raw/2020101223724/2.png
data/eyemodel_train_raw/2020101223724/20.jpg,data/eyemodel_train_raw/2020101223724/20.png
data/eyemodel_train_raw/2020101223724/21.jpg,data/eyemodel_train_raw/2020101223724/21.png
data/eyemodel_train_raw/2020101223724/22.jpg,data/eyemodel_train_raw/2020101223724/22.png
data/eyemodel_train_raw/2020101223724/23.jpg,data/eyemodel_train_raw/2020101223724/23.png
data/eyemodel_train_raw/2020101223724/24.jpg,data/eyemodel_train_raw/2020101223724/24.png
data/eyemodel_train_raw/2020101223724/25.jpg,data/eyemodel_train_raw/2020101223724/25.png
data/eyemodel_train_raw/2020101223724/26.jpg,data/eyemodel_train_raw/2020101223724/26.png
data/eyemodel_train_raw/2020101223724/27.jpg,data/eyemodel_train_raw/2020101223724/27.png
data/eyemodel_train_raw/2020101223724/28.jpg,data/eyemodel_train_raw/2020101223724/28.png
data/eyemodel_train_raw/2020101223724/29.jpg,data/eyemodel_train_raw/2020101223724/29.png
data/eyemodel_train_raw/2020101223724/3.jpg,data/eyemodel_train_raw/2020101223724/3.png
data/eyemodel_train_raw/2020101223724/30.jpg,data/eyemodel_train_raw/2020101223724/30.png
data/eyemodel_train_raw/2020101223724/31.jpg,data/eyemodel_train_raw/2020101223724/31.png
data/eyemodel_train_raw/2020101223724/32.jpg,data/eyemodel_train_raw/2020101223724/32.png
data/eyemodel_train_raw/2020101223724/33.jpg,data/eyemodel_train_raw/2020101223724/33.png
data/eyemodel_train_raw/2020101223724/34.jpg,data/eyemodel_train_raw/2020101223724/34.png
data/eyemodel_train_raw/2020101223724/35.jpg,data/eyemodel_train_raw/2020101223724/35.png
data/eyemodel_train_raw/2020101223724/36.jpg,data/eyemodel_train_raw/2020101223724/36.png
data/eyemodel_train_raw/2020101223724/37.jpg,data/eyemodel_train_raw/2020101223724/37.png
data/eyemodel_train_raw/2020101223724/38.jpg,data/eyemodel_train_raw/2020101223724/38.png
data/eyemodel_train_raw/2020101223724/39.jpg,data/eyemodel_train_raw/2020101223724/39.png
data/eyemodel_train_raw/2020101223724/4.jpg,data/eyemodel_train_raw/2020101223724/4.png
data/eyemodel_train_raw/2020101223724/40.jpg,data/eyemodel_train_raw/2020101223724/40.png
data/eyemodel_train_raw/2020101223724/41.jpg,data/eyemodel_train_raw/2020101223724/41.png
data/eyemodel_train_raw/2020101223724/42.jpg,data/eyemodel_train_raw/2020101223724/42.png
data/eyemodel_train_raw/2020101223724/43.jpg,data/eyemodel_train_raw/2020101223724/43.png
data/eyemodel_train_raw/2020101223724/44.jpg,data/eyemodel_train_raw/2020101223724/44.png
data/eyemodel_train_raw/2020101223724/45.jpg,data/eyemodel_train_raw/2020101223724/45.png
data/eyemodel_train_raw/2020101223724/46.jpg,data/eyemodel_train_raw/2020101223724/46.png
data/eyemodel_train_raw/2020101223724/47.jpg,data/eyemodel_train_raw/2020101223724/47.png
data/eyemodel_train_raw/2020101223724/48.jpg,data/eyemodel_train_raw/2020101223724/48.png
data/eyemodel_train_raw/2020101223724/49.jpg,data/eyemodel_train_raw/2020101223724/49.png
data/eyemodel_train_raw/2020101223724/5.jpg,data/eyemodel_train_raw/2020101223724/5.png
data/eyemodel_train_raw/2020101223724/50.jpg,data/eyemodel_train_raw/2020101223724/50.png
data/eyemodel_train_raw/2020101223724/6.jpg,data/eyemodel_train_raw/2020101223724/6.png
data/eyemodel_train_raw/2020101223724/7.jpg,data/eyemodel_train_raw/2020101223724/7.png
data/eyemodel_train_raw/2020101223724/8.jpg,data/eyemodel_train_raw/2020101223724/8.png
data/eyemodel_train_raw/2020101223724/9.jpg,data/eyemodel_train_raw/2020101223724/9.png
data/eyemodel_train_raw/2020101231735/0.jpg,data/eyemodel_train_raw/2020101231735/0.png
data/eyemodel_train_raw/2020101231735/1.jpg,data/eyemodel_train_raw/2020101231735/1.png
data/eyemodel_train_raw/2020101231735/10.jpg,data/eyemodel_train_raw/2020101231735/10.png
data/eyemodel_train_raw/2020101231735/11.jpg,data/eyemodel_train_raw/2020101231735/11.png
data/eyemodel_train_raw/2020101231735/12.jpg,data/eyemodel_train_raw/2020101231735/12.png
data/eyemodel_train_raw/2020101231735/13.jpg,data/eyemodel_train_raw/2020101231735/13.png
data/eyemodel_train_raw/2020101231735/14.jpg,data/eyemodel_train_raw/2020101231735/14.png
data/eyemodel_train_raw/2020101231735/15.jpg,data/eyemodel_train_raw/2020101231735/15.png
data/eyemodel_train_raw/2020101231735/16.jpg,data/eyemodel_train_raw/2020101231735/16.png
data/eyemodel_train_raw/2020101231735/17.jpg,data/eyemodel_train_raw/2020101231735/17.png
data/eyemodel_train_raw/2020101231735/18.jpg,data/eyemodel_train_raw/2020101231735/18.png
data/eyemodel_train_raw/2020101231735/19.jpg,data/eyemodel_train_raw/2020101231735/19.png
data/eyemodel_train_raw/2020101231735/2.jpg,data/eyemodel_train_raw/2020101231735/2.png
data/eyemodel_train_raw/2020101231735/20.jpg,data/eyemodel_train_raw/2020101231735/20.png
data/eyemodel_train_raw/2020101231735/21.jpg,data/eyemodel_train_raw/2020101231735/21.png
data/eyemodel_train_raw/2020101231735/22.jpg,data/eyemodel_train_raw/2020101231735/22.png
data/eyemodel_train_raw/2020101231735/23.jpg,data/eyemodel_train_raw/2020101231735/23.png
data/eyemodel_train_raw/2020101231735/24.jpg,data/eyemodel_train_raw/2020101231735/24.png
data/eyemodel_train_raw/2020101231735/25.jpg,data/eyemodel_train_raw/2020101231735/25.png
data/eyemodel_train_raw/2020101231735/26.jpg,data/eyemodel_train_raw/2020101231735/26.png
data/eyemodel_train_raw/2020101231735/27.jpg,data/eyemodel_train_raw/2020101231735/27.png
data/eyemodel_train_raw/2020101231735/28.jpg,data/eyemodel_train_raw/2020101231735/28.png
data/eyemodel_train_raw/2020101231735/29.jpg,data/eyemodel_train_raw/2020101231735/29.png
data/eyemodel_train_raw/2020101231735/3.jpg,data/eyemodel_train_raw/2020101231735/3.png
data/eyemodel_train_raw/2020101231735/30.jpg,data/eyemodel_train_raw/2020101231735/30.png
data/eyemodel_train_raw/2020101231735/31.jpg,data/eyemodel_train_raw/2020101231735/31.png
data/eyemodel_train_raw/2020101231735/32.jpg,data/eyemodel_train_raw/2020101231735/32.png
data/eyemodel_train_raw/2020101231735/33.jpg,data/eyemodel_train_raw/2020101231735/33.png
data/eyemodel_train_raw/2020101231735/34.jpg,data/eyemodel_train_raw/2020101231735/34.png
data/eyemodel_train_raw/2020101231735/35.jpg,data/eyemodel_train_raw/2020101231735/35.png
data/eyemodel_train_raw/2020101231735/36.jpg,data/eyemodel_train_raw/2020101231735/36.png
data/eyemodel_train_raw/2020101231735/37.jpg,data/eyemodel_train_raw/2020101231735/37.png
data/eyemodel_train_raw/2020101231735/38.jpg,data/eyemodel_train_raw/2020101231735/38.png
data/eyemodel_train_raw/2020101231735/39.jpg,data/eyemodel_train_raw/2020101231735/39.png
data/eyemodel_train_raw/2020101231735/4.jpg,data/eyemodel_train_raw/2020101231735/4.png
data/eyemodel_train_raw/2020101231735/5.jpg,data/eyemodel_train_raw/2020101231735/5.png
data/eyemodel_train_raw/2020101231735/6.jpg,data/eyemodel_train_raw/2020101231735/6.png
data/eyemodel_train_raw/2020101231735/7.jpg,data/eyemodel_train_raw/2020101231735/7.png
data/eyemodel_train_raw/2020101231735/8.jpg,data/eyemodel_train_raw/2020101231735/8.png
data/eyemodel_train_raw/2020101231735/9.jpg,data/eyemodel_train_raw/2020101231735/9.png
data/eyemodel_train_raw/20201014185554/0.jpg,data/eyemodel_train_raw/20201014185554/0.png
data/eyemodel_train_raw/20201014185554/1.jpg,data/eyemodel_train_raw/20201014185554/1.png
data/eyemodel_train_raw/20201014185554/10.jpg,data/eyemodel_train_raw/20201014185554/10.png
data/eyemodel_train_raw/20201014185554/11.jpg,data/eyemodel_train_raw/20201014185554/11.png
data/eyemodel_train_raw/20201014185554/12.jpg,data/eyemodel_train_raw/20201014185554/12.png
data/eyemodel_train_raw/20201014185554/13.jpg,data/eyemodel_train_raw/20201014185554/13.png
data/eyemodel_train_raw/20201014185554/14.jpg,data/eyemodel_train_raw/20201014185554/14.png
data/eyemodel_train_raw/20201014185554/15.jpg,data/eyemodel_train_raw/20201014185554/15.png
data/eyemodel_train_raw/20201014185554/16.jpg,data/eyemodel_train_raw/20201014185554/16.png
data/eyemodel_train_raw/20201014185554/17.jpg,data/eyemodel_train_raw/20201014185554/17.png
data/eyemodel_train_raw/20201014185554/18.jpg,data/eyemodel_train_raw/20201014185554/18.png
data/eyemodel_train_raw/20201014185554/19.jpg,data/eyemodel_train_raw/20201014185554/19.png
data/eyemodel_train_raw/20201014185554/2.jpg,data/eyemodel_train_raw/20201014185554/2.png
data/eyemodel_train_raw/20201014185554/20.jpg,data/eyemodel_train_raw/20201014185554/20.png
data/eyemodel_train_raw/20201014185554/21.jpg,data/eyemodel_train_raw/20201014185554/21.png
data/eyemodel_train_raw/20201014185554/22.jpg,data/eyemodel_train_raw/20201014185554/22.png
data/eyemodel_train_raw/20201014185554/23.jpg,data/eyemodel_train_raw/20201014185554/23.png
data/eyemodel_train_raw/20201014185554/24.jpg,data/eyemodel_train_raw/20201014185554/24.png
data/eyemodel_train_raw/20201014185554/25.jpg,data/eyemodel_train_raw/20201014185554/25.png
data/eyemodel_train_raw/20201014185554/26.jpg,data/eyemodel_train_raw/20201014185554/26.png
data/eyemodel_train_raw/20201014185554/27.jpg,data/eyemodel_train_raw/20201014185554/27.png
data/eyemodel_train_raw/20201014185554/28.jpg,data/eyemodel_train_raw/20201014185554/28.png
data/eyemodel_train_raw/20201014185554/29.jpg,data/eyemodel_train_raw/20201014185554/29.png
data/eyemodel_train_raw/20201014185554/3.jpg,data/eyemodel_train_raw/20201014185554/3.png
data/eyemodel_train_raw/20201014185554/30.jpg,data/eyemodel_train_raw/20201014185554/30.png
data/eyemodel_train_raw/20201014185554/4.jpg,data/eyemodel_train_raw/20201014185554/4.png
data/eyemodel_train_raw/20201014185554/5.jpg,data/eyemodel_train_raw/20201014185554/5.png
data/eyemodel_train_raw/20201014185554/6.jpg,data/eyemodel_train_raw/20201014185554/6.png
data/eyemodel_train_raw/20201014185554/7.jpg,data/eyemodel_train_raw/20201014185554/7.png
data/eyemodel_train_raw/20201014185554/8.jpg,data/eyemodel_train_raw/20201014185554/8.png
data/eyemodel_train_raw/20201014185554/9.jpg,data/eyemodel_train_raw/20201014185554/9.png
data/eyemodel_train_raw/2020101719120/0.jpg,data/eyemodel_train_raw/2020101719120/0.png
data/eyemodel_train_raw/2020101719120/1.jpg,data/eyemodel_train_raw/2020101719120/1.png
data/eyemodel_train_raw/2020101719120/10.jpg,data/eyemodel_train_raw/2020101719120/10.png
data/eyemodel_train_raw/2020101719120/11.jpg,data/eyemodel_train_raw/2020101719120/11.png
data/eyemodel_train_raw/2020101719120/12.jpg,data/eyemodel_train_raw/2020101719120/12.png
data/eyemodel_train_raw/2020101719120/13.jpg,data/eyemodel_train_raw/2020101719120/13.png
data/eyemodel_train_raw/2020101719120/14.jpg,data/eyemodel_train_raw/2020101719120/14.png
data/eyemodel_train_raw/2020101719120/15.jpg,data/eyemodel_train_raw/2020101719120/15.png
data/eyemodel_train_raw/2020101719120/16.jpg,data/eyemodel_train_raw/2020101719120/16.png
data/eyemodel_train_raw/2020101719120/17.jpg,data/eyemodel_train_raw/2020101719120/17.png
data/eyemodel_train_raw/2020101719120/18.jpg,data/eyemodel_train_raw/2020101719120/18.png
data/eyemodel_train_raw/2020101719120/19.jpg,data/eyemodel_train_raw/2020101719120/19.png
data/eyemodel_train_raw/2020101719120/2.jpg,data/eyemodel_train_raw/2020101719120/2.png
data/eyemodel_train_raw/2020101719120/20.jpg,data/eyemodel_train_raw/2020101719120/20.png
data/eyemodel_train_raw/2020101719120/21.jpg,data/eyemodel_train_raw/2020101719120/21.png
data/eyemodel_train_raw/2020101719120/22.jpg,data/eyemodel_train_raw/2020101719120/22.png
data/eyemodel_train_raw/2020101719120/23.jpg,data/eyemodel_train_raw/2020101719120/23.png
data/eyemodel_train_raw/2020101719120/24.jpg,data/eyemodel_train_raw/2020101719120/24.png
data/eyemodel_train_raw/2020101719120/25.jpg,data/eyemodel_train_raw/2020101719120/25.png
data/eyemodel_train_raw/2020101719120/26.jpg,data/eyemodel_train_raw/2020101719120/26.png
data/eyemodel_train_raw/2020101719120/27.jpg,data/eyemodel_train_raw/2020101719120/27.png
data/eyemodel_train_raw/2020101719120/28.jpg,data/eyemodel_train_raw/2020101719120/28.png
data/eyemodel_train_raw/2020101719120/29.jpg,data/eyemodel_train_raw/2020101719120/29.png
data/eyemodel_train_raw/2020101719120/3.jpg,data/eyemodel_train_raw/2020101719120/3.png
data/eyemodel_train_raw/2020101719120/30.jpg,data/eyemodel_train_raw/2020101719120/30.png
data/eyemodel_train_raw/2020101719120/31.jpg,data/eyemodel_train_raw/2020101719120/31.png
data/eyemodel_train_raw/2020101719120/32.jpg,data/eyemodel_train_raw/2020101719120/32.png
data/eyemodel_train_raw/2020101719120/33.jpg,data/eyemodel_train_raw/2020101719120/33.png
data/eyemodel_train_raw/2020101719120/34.jpg,data/eyemodel_train_raw/2020101719120/34.png
data/eyemodel_train_raw/2020101719120/35.jpg,data/eyemodel_train_raw/2020101719120/35.png
data/eyemodel_train_raw/2020101719120/36.jpg,data/eyemodel_train_raw/2020101719120/36.png
data/eyemodel_train_raw/2020101719120/37.jpg,data/eyemodel_train_raw/2020101719120/37.png
data/eyemodel_train_raw/2020101719120/38.jpg,data/eyemodel_train_raw/2020101719120/38.png
data/eyemodel_train_raw/2020101719120/39.jpg,data/eyemodel_train_raw/2020101719120/39.png
data/eyemodel_train_raw/2020101719120/4.jpg,data/eyemodel_train_raw/2020101719120/4.png
data/eyemodel_train_raw/2020101719120/40.jpg,data/eyemodel_train_raw/2020101719120/40.png
data/eyemodel_train_raw/2020101719120/5.jpg,data/eyemodel_train_raw/2020101719120/5.png
data/eyemodel_train_raw/2020101719120/6.jpg,data/eyemodel_train_raw/2020101719120/6.png
data/eyemodel_train_raw/2020101719120/7.jpg,data/eyemodel_train_raw/2020101719120/7.png
data/eyemodel_train_raw/2020101719120/8.jpg,data/eyemodel_train_raw/2020101719120/8.png
data/eyemodel_train_raw/2020101719120/9.jpg,data/eyemodel_train_raw/2020101719120/9.png
data/eyemodel_train_raw/2020101719416/0.jpg,data/eyemodel_train_raw/2020101719416/0.png
data/eyemodel_train_raw/2020101719416/1.jpg,data/eyemodel_train_raw/2020101719416/1.png
data/eyemodel_train_raw/2020101719416/10.jpg,data/eyemodel_train_raw/2020101719416/10.png
data/eyemodel_train_raw/2020101719416/11.jpg,data/eyemodel_train_raw/2020101719416/11.png
data/eyemodel_train_raw/2020101719416/12.jpg,data/eyemodel_train_raw/2020101719416/12.png
data/eyemodel_train_raw/2020101719416/13.jpg,data/eyemodel_train_raw/2020101719416/13.png
data/eyemodel_train_raw/2020101719416/14.jpg,data/eyemodel_train_raw/2020101719416/14.png
data/eyemodel_train_raw/2020101719416/15.jpg,data/eyemodel_train_raw/2020101719416/15.png
data/eyemodel_train_raw/2020101719416/16.jpg,data/eyemodel_train_raw/2020101719416/16.png
data/eyemodel_train_raw/2020101719416/17.jpg,data/eyemodel_train_raw/2020101719416/17.png
data/eyemodel_train_raw/2020101719416/18.jpg,data/eyemodel_train_raw/2020101719416/18.png
data/eyemodel_train_raw/2020101719416/19.jpg,data/eyemodel_train_raw/2020101719416/19.png
data/eyemodel_train_raw/2020101719416/2.jpg,data/eyemodel_train_raw/2020101719416/2.png
data/eyemodel_train_raw/2020101719416/20.jpg,data/eyemodel_train_raw/2020101719416/20.png
data/eyemodel_train_raw/2020101719416/21.jpg,data/eyemodel_train_raw/2020101719416/21.png
data/eyemodel_train_raw/2020101719416/22.jpg,data/eyemodel_train_raw/2020101719416/22.png
data/eyemodel_train_raw/2020101719416/23.jpg,data/eyemodel_train_raw/2020101719416/23.png
data/eyemodel_train_raw/2020101719416/24.jpg,data/eyemodel_train_raw/2020101719416/24.png
data/eyemodel_train_raw/2020101719416/25.jpg,data/eyemodel_train_raw/2020101719416/25.png
data/eyemodel_train_raw/2020101719416/26.jpg,data/eyemodel_train_raw/2020101719416/26.png
data/eyemodel_train_raw/2020101719416/27.jpg,data/eyemodel_train_raw/2020101719416/27.png
data/eyemodel_train_raw/2020101719416/28.jpg,data/eyemodel_train_raw/2020101719416/28.png
data/eyemodel_train_raw/2020101719416/29.jpg,data/eyemodel_train_raw/2020101719416/29.png
data/eyemodel_train_raw/2020101719416/3.jpg,data/eyemodel_train_raw/2020101719416/3.png
data/eyemodel_train_raw/2020101719416/30.jpg,data/eyemodel_train_raw/2020101719416/30.png
data/eyemodel_train_raw/2020101719416/31.jpg,data/eyemodel_train_raw/2020101719416/31.png
data/eyemodel_train_raw/2020101719416/5.jpg,data/eyemodel_train_raw/2020101719416/5.png
data/eyemodel_train_raw/2020101719416/6.jpg,data/eyemodel_train_raw/2020101719416/6.png
data/eyemodel_train_raw/2020101719416/7.jpg,data/eyemodel_train_raw/2020101719416/7.png
data/eyemodel_train_raw/2020101719416/8.jpg,data/eyemodel_train_raw/2020101719416/8.png
data/eyemodel_train_raw/2020101719416/9.jpg,data/eyemodel_train_raw/2020101719416/9.png
data/eyemodel_train_raw/202010171975/0.jpg,data/eyemodel_train_raw/202010171975/0.png
data/eyemodel_train_raw/202010171975/1.jpg,data/eyemodel_train_raw/202010171975/1.png
data/eyemodel_train_raw/202010171975/10.jpg,data/eyemodel_train_raw/202010171975/10.png
data/eyemodel_train_raw/202010171975/11.jpg,data/eyemodel_train_raw/202010171975/11.png
data/eyemodel_train_raw/202010171975/12.jpg,data/eyemodel_train_raw/202010171975/12.png
data/eyemodel_train_raw/202010171975/13.jpg,data/eyemodel_train_raw/202010171975/13.png
data/eyemodel_train_raw/202010171975/14.jpg,data/eyemodel_train_raw/202010171975/14.png
data/eyemodel_train_raw/202010171975/15.jpg,data/eyemodel_train_raw/202010171975/15.png
data/eyemodel_train_raw/202010171975/16.jpg,data/eyemodel_train_raw/202010171975/16.png
data/eyemodel_train_raw/202010171975/17.jpg,data/eyemodel_train_raw/202010171975/17.png
data/eyemodel_train_raw/202010171975/18.jpg,data/eyemodel_train_raw/202010171975/18.png
data/eyemodel_train_raw/202010171975/19.jpg,data/eyemodel_train_raw/202010171975/19.png
data/eyemodel_train_raw/202010171975/2.jpg,data/eyemodel_train_raw/202010171975/2.png
data/eyemodel_train_raw/202010171975/20.jpg,data/eyemodel_train_raw/202010171975/20.png
data/eyemodel_train_raw/202010171975/21.jpg,data/eyemodel_train_raw/202010171975/21.png
data/eyemodel_train_raw/202010171975/22.jpg,data/eyemodel_train_raw/202010171975/22.png
data/eyemodel_train_raw/202010171975/23.jpg,data/eyemodel_train_raw/202010171975/23.png
data/eyemodel_train_raw/202010171975/24.jpg,data/eyemodel_train_raw/202010171975/24.png
data/eyemodel_train_raw/202010171975/25.jpg,data/eyemodel_train_raw/202010171975/25.png
data/eyemodel_train_raw/202010171975/26.jpg,data/eyemodel_train_raw/202010171975/26.png
data/eyemodel_train_raw/202010171975/27.jpg,data/eyemodel_train_raw/202010171975/27.png
data/eyemodel_train_raw/202010171975/28.jpg,data/eyemodel_train_raw/202010171975/28.png
data/eyemodel_train_raw/202010171975/29.jpg,data/eyemodel_train_raw/202010171975/29.png
data/eyemodel_train_raw/202010171975/3.jpg,data/eyemodel_train_raw/202010171975/3.png
data/eyemodel_train_raw/202010171975/30.jpg,data/eyemodel_train_raw/202010171975/30.png
data/eyemodel_train_raw/202010171975/31.jpg,data/eyemodel_train_raw/202010171975/31.png
data/eyemodel_train_raw/202010171975/32.jpg,data/eyemodel_train_raw/202010171975/32.png
data/eyemodel_train_raw/202010171975/33.jpg,data/eyemodel_train_raw/202010171975/33.png
data/eyemodel_train_raw/202010171975/34.jpg,data/eyemodel_train_raw/202010171975/34.png
data/eyemodel_train_raw/202010171975/35.jpg,data/eyemodel_train_raw/202010171975/35.png
data/eyemodel_train_raw/202010171975/36.jpg,data/eyemodel_train_raw/202010171975/36.png
data/eyemodel_train_raw/202010171975/37.jpg,data/eyemodel_train_raw/202010171975/37.png
data/eyemodel_train_raw/202010171975/38.jpg,data/eyemodel_train_raw/202010171975/38.png
data/eyemodel_train_raw/202010171975/39.jpg,data/eyemodel_train_raw/202010171975/39.png
data/eyemodel_train_raw/202010171975/40.jpg,data/eyemodel_train_raw/202010171975/40.png
data/eyemodel_train_raw/202010171975/41.jpg,data/eyemodel_train_raw/202010171975/41.png
data/eyemodel_train_raw/202010171975/42.jpg,data/eyemodel_train_raw/202010171975/42.png
data/eyemodel_train_raw/202010171975/43.jpg,data/eyemodel_train_raw/202010171975/43.png
data/eyemodel_train_raw/202010171975/44.jpg,data/eyemodel_train_raw/202010171975/44.png
data/eyemodel_train_raw/202010171975/45.jpg,data/eyemodel_train_raw/202010171975/45.png
data/eyemodel_train_raw/202010171975/6.jpg,data/eyemodel_train_raw/202010171975/6.png
data/eyemodel_train_raw/202010171975/7.jpg,data/eyemodel_train_raw/202010171975/7.png
data/eyemodel_train_raw/202010171975/8.jpg,data/eyemodel_train_raw/202010171975/8.png
data/eyemodel_train_raw/202010171975/9.jpg,data/eyemodel_train_raw/202010171975/9.png
data/eyemodel_train_raw/2020101721297/0.jpg,data/eyemodel_train_raw/2020101721297/0.png
data/eyemodel_train_raw/2020101721297/1.jpg,data/eyemodel_train_raw/2020101721297/1.png
data/eyemodel_train_raw/2020101721297/10.jpg,data/eyemodel_train_raw/2020101721297/10.png
data/eyemodel_train_raw/2020101721297/11.jpg,data/eyemodel_train_raw/2020101721297/11.png
data/eyemodel_train_raw/2020101721297/12.jpg,data/eyemodel_train_raw/2020101721297/12.png
data/eyemodel_train_raw/2020101721297/13.jpg,data/eyemodel_train_raw/2020101721297/13.png
data/eyemodel_train_raw/2020101721297/14.jpg,data/eyemodel_train_raw/2020101721297/14.png
data/eyemodel_train_raw/2020101721297/15.jpg,data/eyemodel_train_raw/2020101721297/15.png
data/eyemodel_train_raw/2020101721297/16.jpg,data/eyemodel_train_raw/2020101721297/16.png
data/eyemodel_train_raw/2020101721297/17.jpg,data/eyemodel_train_raw/2020101721297/17.png
data/eyemodel_train_raw/2020101721297/18.jpg,data/eyemodel_train_raw/2020101721297/18.png
data/eyemodel_train_raw/2020101721297/19.jpg,data/eyemodel_train_raw/2020101721297/19.png
data/eyemodel_train_raw/2020101721297/2.jpg,data/eyemodel_train_raw/2020101721297/2.png
data/eyemodel_train_raw/2020101721297/20.jpg,data/eyemodel_train_raw/2020101721297/20.png
data/eyemodel_train_raw/2020101721297/21.jpg,data/eyemodel_train_raw/2020101721297/21.png
data/eyemodel_train_raw/2020101721297/22.jpg,data/eyemodel_train_raw/2020101721297/22.png
data/eyemodel_train_raw/2020101721297/23.jpg,data/eyemodel_train_raw/2020101721297/23.png
data/eyemodel_train_raw/2020101721297/24.jpg,data/eyemodel_train_raw/2020101721297/24.png
data/eyemodel_train_raw/2020101721297/25.jpg,data/eyemodel_train_raw/2020101721297/25.png
data/eyemodel_train_raw/2020101721297/26.jpg,data/eyemodel_train_raw/2020101721297/26.png
data/eyemodel_train_raw/2020101721297/27.jpg,data/eyemodel_train_raw/2020101721297/27.png
data/eyemodel_train_raw/2020101721297/28.jpg,data/eyemodel_train_raw/2020101721297/28.png
data/eyemodel_train_raw/2020101721297/29.jpg,data/eyemodel_train_raw/2020101721297/29.png
data/eyemodel_train_raw/2020101721297/3.jpg,data/eyemodel_train_raw/2020101721297/3.png
data/eyemodel_train_raw/2020101721297/30.jpg,data/eyemodel_train_raw/2020101721297/30.png
data/eyemodel_train_raw/2020101721297/31.jpg,data/eyemodel_train_raw/2020101721297/31.png
data/eyemodel_train_raw/2020101721297/32.jpg,data/eyemodel_train_raw/2020101721297/32.png
data/eyemodel_train_raw/2020101721297/33.jpg,data/eyemodel_train_raw/2020101721297/33.png
data/eyemodel_train_raw/2020101721297/34.jpg,data/eyemodel_train_raw/2020101721297/34.png
data/eyemodel_train_raw/2020101721297/35.jpg,data/eyemodel_train_raw/2020101721297/35.png
data/eyemodel_train_raw/2020101721297/36.jpg,data/eyemodel_train_raw/2020101721297/36.png
data/eyemodel_train_raw/2020101721297/37.jpg,data/eyemodel_train_raw/2020101721297/37.png
data/eyemodel_train_raw/2020101721297/38.jpg,data/eyemodel_train_raw/2020101721297/38.png
data/eyemodel_train_raw/2020101721297/39.jpg,data/eyemodel_train_raw/2020101721297/39.png
data/eyemodel_train_raw/2020101721297/4.jpg,data/eyemodel_train_raw/2020101721297/4.png
data/eyemodel_train_raw/2020101721297/40.jpg,data/eyemodel_train_raw/2020101721297/40.png
data/eyemodel_train_raw/2020101721297/5.jpg,data/eyemodel_train_raw/2020101721297/5.png
data/eyemodel_train_raw/2020101721297/6.jpg,data/eyemodel_train_raw/2020101721297/6.png
data/eyemodel_train_raw/2020101721297/7.jpg,data/eyemodel_train_raw/2020101721297/7.png
data/eyemodel_train_raw/2020101721297/8.jpg,data/eyemodel_train_raw/2020101721297/8.png
data/eyemodel_train_raw/2020101721297/9.jpg,data/eyemodel_train_raw/2020101721297/9.png
data/eyemodel_train_raw/20201017213147/0.jpg,data/eyemodel_train_raw/20201017213147/0.png
data/eyemodel_train_raw/20201017213147/1.jpg,data/eyemodel_train_raw/20201017213147/1.png
data/eyemodel_train_raw/20201017213147/10.jpg,data/eyemodel_train_raw/20201017213147/10.png
data/eyemodel_train_raw/20201017213147/11.jpg,data/eyemodel_train_raw/20201017213147/11.png
data/eyemodel_train_raw/20201017213147/12.jpg,data/eyemodel_train_raw/20201017213147/12.png
data/eyemodel_train_raw/20201017213147/13.jpg,data/eyemodel_train_raw/20201017213147/13.png
data/eyemodel_train_raw/20201017213147/14.jpg,data/eyemodel_train_raw/20201017213147/14.png
data/eyemodel_train_raw/20201017213147/15.jpg,data/eyemodel_train_raw/20201017213147/15.png
data/eyemodel_train_raw/20201017213147/16.jpg,data/eyemodel_train_raw/20201017213147/16.png
data/eyemodel_train_raw/20201017213147/17.jpg,data/eyemodel_train_raw/20201017213147/17.png
data/eyemodel_train_raw/20201017213147/18.jpg,data/eyemodel_train_raw/20201017213147/18.png
data/eyemodel_train_raw/20201017213147/19.jpg,data/eyemodel_train_raw/20201017213147/19.png
data/eyemodel_train_raw/20201017213147/2.jpg,data/eyemodel_train_raw/20201017213147/2.png
data/eyemodel_train_raw/20201017213147/20.jpg,data/eyemodel_train_raw/20201017213147/20.png
data/eyemodel_train_raw/20201017213147/21.jpg,data/eyemodel_train_raw/20201017213147/21.png
data/eyemodel_train_raw/20201017213147/22.jpg,data/eyemodel_train_raw/20201017213147/22.png
data/eyemodel_train_raw/20201017213147/23.jpg,data/eyemodel_train_raw/20201017213147/23.png
data/eyemodel_train_raw/20201017213147/24.jpg,data/eyemodel_train_raw/20201017213147/24.png
data/eyemodel_train_raw/20201017213147/25.jpg,data/eyemodel_train_raw/20201017213147/25.png
data/eyemodel_train_raw/20201017213147/26.jpg,data/eyemodel_train_raw/20201017213147/26.png
data/eyemodel_train_raw/20201017213147/27.jpg,data/eyemodel_train_raw/20201017213147/27.png
data/eyemodel_train_raw/20201017213147/28.jpg,data/eyemodel_train_raw/20201017213147/28.png
data/eyemodel_train_raw/20201017213147/29.jpg,data/eyemodel_train_raw/20201017213147/29.png
data/eyemodel_train_raw/20201017213147/3.jpg,data/eyemodel_train_raw/20201017213147/3.png
data/eyemodel_train_raw/20201017213147/30.jpg,data/eyemodel_train_raw/20201017213147/30.png
data/eyemodel_train_raw/20201017213147/31.jpg,data/eyemodel_train_raw/20201017213147/31.png
data/eyemodel_train_raw/20201017213147/32.jpg,data/eyemodel_train_raw/20201017213147/32.png
data/eyemodel_train_raw/20201017213147/33.jpg,data/eyemodel_train_raw/20201017213147/33.png
data/eyemodel_train_raw/20201017213147/34.jpg,data/eyemodel_train_raw/20201017213147/34.png
data/eyemodel_train_raw/20201017213147/35.jpg,data/eyemodel_train_raw/20201017213147/35.png
data/eyemodel_train_raw/20201017213147/36.jpg,data/eyemodel_train_raw/20201017213147/36.png
data/eyemodel_train_raw/20201017213147/37.jpg,data/eyemodel_train_raw/20201017213147/37.png
data/eyemodel_train_raw/20201017213147/38.jpg,data/eyemodel_train_raw/20201017213147/38.png
data/eyemodel_train_raw/20201017213147/39.jpg,data/eyemodel_train_raw/20201017213147/39.png
data/eyemodel_train_raw/20201017213147/4.jpg,data/eyemodel_train_raw/20201017213147/4.png
data/eyemodel_train_raw/20201017213147/40.jpg,data/eyemodel_train_raw/20201017213147/40.png
data/eyemodel_train_raw/20201017213147/41.jpg,data/eyemodel_train_raw/20201017213147/41.png
data/eyemodel_train_raw/20201017213147/42.jpg,data/eyemodel_train_raw/20201017213147/42.png
data/eyemodel_train_raw/20201017213147/43.jpg,data/eyemodel_train_raw/20201017213147/43.png
data/eyemodel_train_raw/20201017213147/44.jpg,data/eyemodel_train_raw/20201017213147/44.png
data/eyemodel_train_raw/20201017213147/45.jpg,data/eyemodel_train_raw/20201017213147/45.png
data/eyemodel_train_raw/20201017213147/46.jpg,data/eyemodel_train_raw/20201017213147/46.png
data/eyemodel_train_raw/20201017213147/47.jpg,data/eyemodel_train_raw/20201017213147/47.png
data/eyemodel_train_raw/20201017213147/48.jpg,data/eyemodel_train_raw/20201017213147/48.png
data/eyemodel_train_raw/20201017213147/49.jpg,data/eyemodel_train_raw/20201017213147/49.png
data/eyemodel_train_raw/20201017213147/5.jpg,data/eyemodel_train_raw/20201017213147/5.png
data/eyemodel_train_raw/20201017213147/50.jpg,data/eyemodel_train_raw/20201017213147/50.png
data/eyemodel_train_raw/20201017213147/6.jpg,data/eyemodel_train_raw/20201017213147/6.png
data/eyemodel_train_raw/20201017213147/7.jpg,data/eyemodel_train_raw/20201017213147/7.png
data/eyemodel_train_raw/20201017213147/8.jpg,data/eyemodel_train_raw/20201017213147/8.png
data/eyemodel_train_raw/20201017213147/9.jpg,data/eyemodel_train_raw/20201017213147/9.png
data/eyemodel_train_raw/2020102531520/0.jpg,data/eyemodel_train_raw/2020102531520/0.png
data/eyemodel_train_raw/2020102531520/1.jpg,data/eyemodel_train_raw/2020102531520/1.png
data/eyemodel_train_raw/2020102531520/10.jpg,data/eyemodel_train_raw/2020102531520/10.png
data/eyemodel_train_raw/2020102531520/11.jpg,data/eyemodel_train_raw/2020102531520/11.png
data/eyemodel_train_raw/2020102531520/12.jpg,data/eyemodel_train_raw/2020102531520/12.png
data/eyemodel_train_raw/2020102531520/13.jpg,data/eyemodel_train_raw/2020102531520/13.png
data/eyemodel_train_raw/2020102531520/14.jpg,data/eyemodel_train_raw/2020102531520/14.png
data/eyemodel_train_raw/2020102531520/15.jpg,data/eyemodel_train_raw/2020102531520/15.png
data/eyemodel_train_raw/2020102531520/16.jpg,data/eyemodel_train_raw/2020102531520/16.png
data/eyemodel_train_raw/2020102531520/17.jpg,data/eyemodel_train_raw/2020102531520/17.png
data/eyemodel_train_raw/2020102531520/18.jpg,data/eyemodel_train_raw/2020102531520/18.png
data/eyemodel_train_raw/2020102531520/19.jpg,data/eyemodel_train_raw/2020102531520/19.png
data/eyemodel_train_raw/2020102531520/2.jpg,data/eyemodel_train_raw/2020102531520/2.png
data/eyemodel_train_raw/2020102531520/20.jpg,data/eyemodel_train_raw/2020102531520/20.png
data/eyemodel_train_raw/2020102531520/21.jpg,data/eyemodel_train_raw/2020102531520/21.png
data/eyemodel_train_raw/2020102531520/22.jpg,data/eyemodel_train_raw/2020102531520/22.png
data/eyemodel_train_raw/2020102531520/23.jpg,data/eyemodel_train_raw/2020102531520/23.png
data/eyemodel_train_raw/2020102531520/24.jpg,data/eyemodel_train_raw/2020102531520/24.png
data/eyemodel_train_raw/2020102531520/25.jpg,data/eyemodel_train_raw/2020102531520/25.png
data/eyemodel_train_raw/2020102531520/26.jpg,data/eyemodel_train_raw/2020102531520/26.png
data/eyemodel_train_raw/2020102531520/27.jpg,data/eyemodel_train_raw/2020102531520/27.png
data/eyemodel_train_raw/2020102531520/28.jpg,data/eyemodel_train_raw/2020102531520/28.png
data/eyemodel_train_raw/2020102531520/29.jpg,data/eyemodel_train_raw/2020102531520/29.png
data/eyemodel_train_raw/2020102531520/3.jpg,data/eyemodel_train_raw/2020102531520/3.png
data/eyemodel_train_raw/2020102531520/30.jpg,data/eyemodel_train_raw/2020102531520/30.png
data/eyemodel_train_raw/2020102531520/31.jpg,data/eyemodel_train_raw/2020102531520/31.png
data/eyemodel_train_raw/2020102531520/32.jpg,data/eyemodel_train_raw/2020102531520/32.png
data/eyemodel_train_raw/2020102531520/33.jpg,data/eyemodel_train_raw/2020102531520/33.png
data/eyemodel_train_raw/2020102531520/34.jpg,data/eyemodel_train_raw/2020102531520/34.png
data/eyemodel_train_raw/2020102531520/35.jpg,data/eyemodel_train_raw/2020102531520/35.png
data/eyemodel_train_raw/2020102531520/36.jpg,data/eyemodel_train_raw/2020102531520/36.png
data/eyemodel_train_raw/2020102531520/37.jpg,data/eyemodel_train_raw/2020102531520/37.png
data/eyemodel_train_raw/2020102531520/38.jpg,data/eyemodel_train_raw/2020102531520/38.png
data/eyemodel_train_raw/2020102531520/39.jpg,data/eyemodel_train_raw/2020102531520/39.png
data/eyemodel_train_raw/2020102531520/4.jpg,data/eyemodel_train_raw/2020102531520/4.png
data/eyemodel_train_raw/2020102531520/40.jpg,data/eyemodel_train_raw/2020102531520/40.png
data/eyemodel_train_raw/2020102531520/41.jpg,data/eyemodel_train_raw/2020102531520/41.png
data/eyemodel_train_raw/2020102531520/42.jpg,data/eyemodel_train_raw/2020102531520/42.png
data/eyemodel_train_raw/2020102531520/43.jpg,data/eyemodel_train_raw/2020102531520/43.png
data/eyemodel_train_raw/2020102531520/44.jpg,data/eyemodel_train_raw/2020102531520/44.png
data/eyemodel_train_raw/2020102531520/45.jpg,data/eyemodel_train_raw/2020102531520/45.png
data/eyemodel_train_raw/2020102531520/46.jpg,data/eyemodel_train_raw/2020102531520/46.png
data/eyemodel_train_raw/2020102531520/47.jpg,data/eyemodel_train_raw/2020102531520/47.png
data/eyemodel_train_raw/2020102531520/48.jpg,data/eyemodel_train_raw/2020102531520/48.png
data/eyemodel_train_raw/2020102531520/49.jpg,data/eyemodel_train_raw/2020102531520/49.png
data/eyemodel_train_raw/2020102531520/5.jpg,data/eyemodel_train_raw/2020102531520/5.png
data/eyemodel_train_raw/2020102531520/50.jpg,data/eyemodel_train_raw/2020102531520/50.png
data/eyemodel_train_raw/2020102531520/51.jpg,data/eyemodel_train_raw/2020102531520/51.png
data/eyemodel_train_raw/2020102531520/52.jpg,data/eyemodel_train_raw/2020102531520/52.png
data/eyemodel_train_raw/2020102531520/53.jpg,data/eyemodel_train_raw/2020102531520/53.png
data/eyemodel_train_raw/2020102531520/54.jpg,data/eyemodel_train_raw/2020102531520/54.png
data/eyemodel_train_raw/2020102531520/55.jpg,data/eyemodel_train_raw/2020102531520/55.png
data/eyemodel_train_raw/2020102531520/56.jpg,data/eyemodel_train_raw/2020102531520/56.png
data/eyemodel_train_raw/2020102531520/57.jpg,data/eyemodel_train_raw/2020102531520/57.png
data/eyemodel_train_raw/2020102531520/58.jpg,data/eyemodel_train_raw/2020102531520/58.png
data/eyemodel_train_raw/2020102531520/59.jpg,data/eyemodel_train_raw/2020102531520/59.png
data/eyemodel_train_raw/2020102531520/6.jpg,data/eyemodel_train_raw/2020102531520/6.png
data/eyemodel_train_raw/2020102531520/60.jpg,data/eyemodel_train_raw/2020102531520/60.png
data/eyemodel_train_raw/2020102531520/61.jpg,data/eyemodel_train_raw/2020102531520/61.png
data/eyemodel_train_raw/2020102531520/62.jpg,data/eyemodel_train_raw/2020102531520/62.png
data/eyemodel_train_raw/2020102531520/63.jpg,data/eyemodel_train_raw/2020102531520/63.png
data/eyemodel_train_raw/2020102531520/64.jpg,data/eyemodel_train_raw/2020102531520/64.png
data/eyemodel_train_raw/2020102531520/65.jpg,data/eyemodel_train_raw/2020102531520/65.png
data/eyemodel_train_raw/2020102531520/66.jpg,data/eyemodel_train_raw/2020102531520/66.png
data/eyemodel_train_raw/2020102531520/67.jpg,data/eyemodel_train_raw/2020102531520/67.png
data/eyemodel_train_raw/2020102531520/68.jpg,data/eyemodel_train_raw/2020102531520/68.png
data/eyemodel_train_raw/2020102531520/69.jpg,data/eyemodel_train_raw/2020102531520/69.png
data/eyemodel_train_raw/2020102531520/7.jpg,data/eyemodel_train_raw/2020102531520/7.png
data/eyemodel_train_raw/2020102531520/70.jpg,data/eyemodel_train_raw/2020102531520/70.png
data/eyemodel_train_raw/2020102531520/71.jpg,data/eyemodel_train_raw/2020102531520/71.png
data/eyemodel_train_raw/2020102531520/72.jpg,data/eyemodel_train_raw/2020102531520/72.png
data/eyemodel_train_raw/2020102531520/73.jpg,data/eyemodel_train_raw/2020102531520/73.png
data/eyemodel_train_raw/2020102531520/74.jpg,data/eyemodel_train_raw/2020102531520/74.png
data/eyemodel_train_raw/2020102531520/75.jpg,data/eyemodel_train_raw/2020102531520/75.png
data/eyemodel_train_raw/2020102531520/76.jpg,data/eyemodel_train_raw/2020102531520/76.png
data/eyemodel_train_raw/2020102531520/77.jpg,data/eyemodel_train_raw/2020102531520/77.png
data/eyemodel_train_raw/2020102531520/78.jpg,data/eyemodel_train_raw/2020102531520/78.png
data/eyemodel_train_raw/2020102531520/79.jpg,data/eyemodel_train_raw/2020102531520/79.png
data/eyemodel_train_raw/2020102531520/8.jpg,data/eyemodel_train_raw/2020102531520/8.png
data/eyemodel_train_raw/2020102531520/80.jpg,data/eyemodel_train_raw/2020102531520/80.png
data/eyemodel_train_raw/2020102531520/81.jpg,data/eyemodel_train_raw/2020102531520/81.png
data/eyemodel_train_raw/2020102531520/82.jpg,data/eyemodel_train_raw/2020102531520/82.png
data/eyemodel_train_raw/2020102531520/9.jpg,data/eyemodel_train_raw/2020102531520/9.png
data/eyemodel_train_raw/2020102531824/0.jpg,data/eyemodel_train_raw/2020102531824/0.png
data/eyemodel_train_raw/2020102531824/1.jpg,data/eyemodel_train_raw/2020102531824/1.png
data/eyemodel_train_raw/2020102531824/10.jpg,data/eyemodel_train_raw/2020102531824/10.png
data/eyemodel_train_raw/2020102531824/11.jpg,data/eyemodel_train_raw/2020102531824/11.png
data/eyemodel_train_raw/2020102531824/12.jpg,data/eyemodel_train_raw/2020102531824/12.png
data/eyemodel_train_raw/2020102531824/13.jpg,data/eyemodel_train_raw/2020102531824/13.png
data/eyemodel_train_raw/2020102531824/14.jpg,data/eyemodel_train_raw/2020102531824/14.png
data/eyemodel_train_raw/2020102531824/15.jpg,data/eyemodel_train_raw/2020102531824/15.png
data/eyemodel_train_raw/2020102531824/16.jpg,data/eyemodel_train_raw/2020102531824/16.png
data/eyemodel_train_raw/2020102531824/17.jpg,data/eyemodel_train_raw/2020102531824/17.png
data/eyemodel_train_raw/2020102531824/18.jpg,data/eyemodel_train_raw/2020102531824/18.png
data/eyemodel_train_raw/2020102531824/19.jpg,data/eyemodel_train_raw/2020102531824/19.png
data/eyemodel_train_raw/2020102531824/2.jpg,data/eyemodel_train_raw/2020102531824/2.png
data/eyemodel_train_raw/2020102531824/20.jpg,data/eyemodel_train_raw/2020102531824/20.png
data/eyemodel_train_raw/2020102531824/21.jpg,data/eyemodel_train_raw/2020102531824/21.png
data/eyemodel_train_raw/2020102531824/22.jpg,data/eyemodel_train_raw/2020102531824/22.png
data/eyemodel_train_raw/2020102531824/23.jpg,data/eyemodel_train_raw/2020102531824/23.png
data/eyemodel_train_raw/2020102531824/24.jpg,data/eyemodel_train_raw/2020102531824/24.png
data/eyemodel_train_raw/2020102531824/25.jpg,data/eyemodel_train_raw/2020102531824/25.png
data/eyemodel_train_raw/2020102531824/26.jpg,data/eyemodel_train_raw/2020102531824/26.png
data/eyemodel_train_raw/2020102531824/27.jpg,data/eyemodel_train_raw/2020102531824/27.png
data/eyemodel_train_raw/2020102531824/28.jpg,data/eyemodel_train_raw/2020102531824/28.png
data/eyemodel_train_raw/2020102531824/29.jpg,data/eyemodel_train_raw/2020102531824/29.png
data/eyemodel_train_raw/2020102531824/3.jpg,data/eyemodel_train_raw/2020102531824/3.png
data/eyemodel_train_raw/2020102531824/30.jpg,data/eyemodel_train_raw/2020102531824/30.png
data/eyemodel_train_raw/2020102531824/31.jpg,data/eyemodel_train_raw/2020102531824/31.png
data/eyemodel_train_raw/2020102531824/32.jpg,data/eyemodel_train_raw/2020102531824/32.png
data/eyemodel_train_raw/2020102531824/33.jpg,data/eyemodel_train_raw/2020102531824/33.png
data/eyemodel_train_raw/2020102531824/34.jpg,data/eyemodel_train_raw/2020102531824/34.png
data/eyemodel_train_raw/2020102531824/35.jpg,data/eyemodel_train_raw/2020102531824/35.png
data/eyemodel_train_raw/2020102531824/36.jpg,data/eyemodel_train_raw/2020102531824/36.png
data/eyemodel_train_raw/2020102531824/37.jpg,data/eyemodel_train_raw/2020102531824/37.png
data/eyemodel_train_raw/2020102531824/38.jpg,data/eyemodel_train_raw/2020102531824/38.png
data/eyemodel_train_raw/2020102531824/39.jpg,data/eyemodel_train_raw/2020102531824/39.png
data/eyemodel_train_raw/2020102531824/4.jpg,data/eyemodel_train_raw/2020102531824/4.png
data/eyemodel_train_raw/2020102531824/40.jpg,data/eyemodel_train_raw/2020102531824/40.png
data/eyemodel_train_raw/2020102531824/41.jpg,data/eyemodel_train_raw/2020102531824/41.png
data/eyemodel_train_raw/2020102531824/42.jpg,data/eyemodel_train_raw/2020102531824/42.png
data/eyemodel_train_raw/2020102531824/43.jpg,data/eyemodel_train_raw/2020102531824/43.png
data/eyemodel_train_raw/2020102531824/44.jpg,data/eyemodel_train_raw/2020102531824/44.png
data/eyemodel_train_raw/2020102531824/45.jpg,data/eyemodel_train_raw/2020102531824/45.png
data/eyemodel_train_raw/2020102531824/46.jpg,data/eyemodel_train_raw/2020102531824/46.png
data/eyemodel_train_raw/2020102531824/47.jpg,data/eyemodel_train_raw/2020102531824/47.png
data/eyemodel_train_raw/2020102531824/48.jpg,data/eyemodel_train_raw/2020102531824/48.png
data/eyemodel_train_raw/2020102531824/49.jpg,data/eyemodel_train_raw/2020102531824/49.png
data/eyemodel_train_raw/2020102531824/5.jpg,data/eyemodel_train_raw/2020102531824/5.png
data/eyemodel_train_raw/2020102531824/50.jpg,data/eyemodel_train_raw/2020102531824/50.png
data/eyemodel_train_raw/2020102531824/51.jpg,data/eyemodel_train_raw/2020102531824/51.png
data/eyemodel_train_raw/2020102531824/52.jpg,data/eyemodel_train_raw/2020102531824/52.png
data/eyemodel_train_raw/2020102531824/53.jpg,data/eyemodel_train_raw/2020102531824/53.png
data/eyemodel_train_raw/2020102531824/54.jpg,data/eyemodel_train_raw/2020102531824/54.png
data/eyemodel_train_raw/2020102531824/55.jpg,data/eyemodel_train_raw/2020102531824/55.png
data/eyemodel_train_raw/2020102531824/56.jpg,data/eyemodel_train_raw/2020102531824/56.png
data/eyemodel_train_raw/2020102531824/57.jpg,data/eyemodel_train_raw/2020102531824/57.png
data/eyemodel_train_raw/2020102531824/6.jpg,data/eyemodel_train_raw/2020102531824/6.png
data/eyemodel_train_raw/2020102531824/7.jpg,data/eyemodel_train_raw/2020102531824/7.png
data/eyemodel_train_raw/2020102531824/8.jpg,data/eyemodel_train_raw/2020102531824/8.png
data/eyemodel_train_raw/2020102531824/9.jpg,data/eyemodel_train_raw/2020102531824/9.png
